id,first_name,last_name,email,gender,birthday
1,Brantley,Staden,bstaden0@miibeian.gov.cn,Male,2/8/1722
2,Stu,Farries,sfarries1@howstuffworks.com,Male,2/4/1933
3,Ginnie,Keepin,gkeepin2@nydailynews.com,Female,6/27/1992
4,Elnore,Crudgington,ecrudgington3@msu.edu,Female,7/16/1850
5,Prent,Balharrie,pbalharrie4@arstechnica.com,Male,1/6/1869
6,Denise,Bignold,dbignold5@sun.com,Female,7/30/1911
7,Cherrita,Greenrodd,cgreenrodd6@photobucket.com,Female,7/12/1746
8,Austine,Littley,alittley7@canalblog.com,Female,2/25/1749
9,Sauveur,Dudill,sdudill8@fotki.com,Male,6/20/1856
10,Brion,McGeraghty,bmcgeraghty9@berkeley.edu,Male,6/9/2004
11,Mattheus,Capstake,mcapstakea@reverbnation.com,Male,9/28/1826
12,Marielle,Botler,mbotlerb@icio.us,Female,5/31/1691
13,Eustacia,Ranscombe,eranscombec@google.co.jp,Female,7/18/1808
14,Paxton,Getsham,pgetshamd@gmpg.org,Male,5/31/1892
15,Sophie,Brotherick,sbrothericke@canalblog.com,Genderfluid,1/25/1890
16,Shurlocke,Coxwell,scoxwellf@microsoft.com,Male,3/20/1999
17,Ripley,Wathey,rwatheyg@sakura.ne.jp,Male,6/21/1765
18,Loy,Badam,lbadamh@hp.com,Male,7/14/1695
19,Cal,Melendez,cmelendezi@hc360.com,Genderqueer,3/1/2013
20,Valentijn,Piniur,vpiniurj@mail.ru,Male,12/8/1801
21,Ann,Mompesson,amompessonk@virginia.edu,Female,4/10/1733
22,Base,Siuda,bsiudal@disqus.com,Male,10/25/1999
23,Burt,Matys,bmatysm@reference.com,Male,3/29/1939
24,Marlin,Studdard,mstuddardn@blogs.com,Male,6/25/1731
25,Davy,Larratt,dlarratto@npr.org,Male,12/4/1957
26,Hillary,Danilishin,hdanilishinp@thetimes.co.uk,Bigender,6/24/1807
27,Romola,Banbrigge,rbanbriggeq@uol.com.br,Female,6/19/1685
28,Lisetta,Gerrans,lgerransr@cmu.edu,Female,6/21/1789
29,Wilmar,Philipeaux,wphilipeauxs@hud.gov,Male,6/11/1921
30,Kitty,Capper,kcappert@virginia.edu,Female,4/17/1896
31,Mildred,Hurring,mhurringu@state.gov,Female,9/30/1806
32,Gar,Dabnot,gdabnotv@dailymail.co.uk,Male,2/28/1975
33,Glen,Bennett,gbennettw@apple.com,Agender,4/30/1743
34,Thornton,Kellen,tkellenx@is.gd,Male,5/15/1861
35,Barton,Boutwell,bboutwelly@1und1.de,Male,8/28/1930
36,Dyan,Ranvoise,dranvoisez@theglobeandmail.com,Female,11/26/1833
37,Sybyl,Ledington,sledington10@mapquest.com,Female,7/16/1693
38,Jolie,Cruickshanks,jcruickshanks11@japanpost.jp,Female,12/14/1977
39,Maryjo,Tilte,mtilte12@usatoday.com,Female,7/16/1959
40,Nickola,Bareham,nbareham13@sun.com,Non-binary,7/4/2013
41,Lem,Birwhistle,lbirwhistle14@umn.edu,Male,8/10/1888
42,Miquela,Salmond,msalmond15@cnn.com,Female,8/10/1860
43,Orsa,McCreagh,omccreagh16@msu.edu,Female,10/14/1825
44,Nora,Rosenbusch,nrosenbusch17@nps.gov,Female,11/11/1709
45,Rosabelle,Gobel,rgobel18@nydailynews.com,Female,4/9/1680
46,Rooney,Swatman,rswatman19@google.de,Male,8/25/1865
47,Thalia,Menicomb,tmenicomb1a@imageshack.us,Female,5/27/1812
48,Shelagh,Ingreda,singreda1b@businessinsider.com,Female,10/27/2021
49,Barret,Heaselgrave,bheaselgrave1c@hp.com,Male,12/14/1939
50,Kelcie,Gray,kgray1d@bbc.co.uk,Female,5/24/1710
51,Pippo,Taverner,ptaverner1e@usnews.com,Male,3/12/1790
52,Berty,Luty,bluty1f@goodreads.com,Male,1/7/1884
53,Ingelbert,Elves,ielves1g@hp.com,Male,6/12/1688
54,Hobey,Fantin,hfantin1h@slate.com,Male,8/19/1813
55,Janaya,Bartlett,jbartlett1i@alexa.com,Female,2/22/1923
56,Aubrey,Mc Elory,amcelory1j@hugedomains.com,Female,1/21/1777
57,Roland,Constant,rconstant1k@utexas.edu,Male,8/2/1759
58,Audre,Coldicott,acoldicott1l@time.com,Genderfluid,2/27/1784
59,Aline,Payley,apayley1m@cnn.com,Female,3/18/1848
60,Nicky,Caron,ncaron1n@geocities.com,Male,4/20/1848
61,Cara,Faye,cfaye1o@ucoz.com,Female,7/5/1901
62,Georgetta,Rahl,grahl1p@google.nl,Female,4/14/1883
63,Silvain,Parker,sparker1q@spotify.com,Male,5/2/1860
64,Avery,McMearty,amcmearty1r@bizjournals.com,Male,10/27/1848
65,Gelya,McAusland,gmcausland1s@is.gd,Agender,10/4/1794
66,Gabriel,Woolcocks,gwoolcocks1t@last.fm,Male,10/22/1981
67,Erek,Shird,eshird1u@jugem.jp,Male,5/27/2003
68,Vidovic,Pearch,vpearch1v@tiny.cc,Male,7/5/1876
69,Aguie,Tisun,atisun1w@constantcontact.com,Male,11/10/2014
70,Bern,Radbourn,bradbourn1x@fda.gov,Male,11/10/1700
71,Sloane,Keveren,skeveren1y@dmoz.org,Male,2/2/1721
72,Rebe,Shilleto,rshilleto1z@google.com.br,Female,4/17/1814
73,Trude,Daouse,tdaouse20@spiegel.de,Female,8/21/1999
74,Flossi,Manvell,fmanvell21@elpais.com,Female,3/3/1972
75,Corissa,Game,cgame22@sourceforge.net,Female,12/31/1995
76,Richmound,Poxon,rpoxon23@issuu.com,Male,12/6/1712
77,Blanche,Leggen,bleggen24@icq.com,Female,10/26/1888
78,Yorke,Meugens,ymeugens25@nih.gov,Male,9/11/1803
79,Elita,Malthouse,emalthouse26@google.nl,Polygender,9/17/1855
80,Lemmy,Stollard,lstollard27@google.co.jp,Male,4/27/1948
81,Sholom,Linggood,slinggood28@google.com.au,Male,6/29/1687
82,Georgi,Calam,gcalam29@barnesandnoble.com,Male,12/30/1925
83,Udell,Daughtery,udaughtery2a@nih.gov,Genderqueer,9/27/1995
84,Max,Bossom,mbossom2b@nytimes.com,Female,2/3/1826
85,Torey,Rawcliff,trawcliff2c@webeden.co.uk,Female,9/25/1656
86,Darda,Redihough,dredihough2d@nps.gov,Female,5/2/1887
87,Dulcy,Orritt,dorritt2e@phpbb.com,Female,3/16/1800
88,Zolly,Tedridge,ztedridge2f@smh.com.au,Male,3/10/1995
89,Dorree,Hadlee,dhadlee2g@amazonaws.com,Female,10/11/1788
90,Graham,Gonzalo,ggonzalo2h@chronoengine.com,Male,5/9/1908
91,Otes,Bradane,obradane2i@sakura.ne.jp,Male,2/13/1775
92,Hermia,Gori,hgori2j@ehow.com,Female,4/8/2021
93,Cord,Moye,cmoye2k@instagram.com,Male,3/6/1760
94,Budd,Liven,bliven2l@ucoz.ru,Male,1/14/1702
95,Rourke,Crumpton,rcrumpton2m@gmpg.org,Male,4/27/1943
96,Brietta,Donet,bdonet2n@washingtonpost.com,Female,11/3/1878
97,Inglis,Willsmore,iwillsmore2o@stumbleupon.com,Male,2/11/1934
98,Romy,Suggey,rsuggey2p@artisteer.com,Female,9/25/1657
99,Jedediah,Greenshields,jgreenshields2q@taobao.com,Male,9/27/1773
100,Catlin,Osinin,cosinin2r@buzzfeed.com,Female,3/6/1928
101,Toddy,Sallinger,tsallinger2s@dagondesign.com,Male,10/17/1837
102,Antoine,Wooland,awooland2t@cnet.com,Male,8/1/1748
103,Paolina,Digger,pdigger2u@jigsy.com,Female,1/25/1766
104,Alyosha,Fish,afish2v@chicagotribune.com,Polygender,5/16/1818
105,Chic,Drabble,cdrabble2w@nhs.uk,Male,1/19/1980
106,Nicky,Hanna,nhanna2x@stanford.edu,Male,6/24/2016
107,Adena,Bebb,abebb2y@eepurl.com,Female,7/15/1828
108,Kahaleel,Girardez,kgirardez2z@nymag.com,Male,7/31/1995
109,Laural,Elson,lelson30@businessweek.com,Female,3/3/1713
110,Micheline,Roxburch,mroxburch31@hugedomains.com,Female,4/17/1963
111,Domeniga,Crosdill,dcrosdill32@ning.com,Female,8/14/1718
112,Arman,Genese,agenese33@ifeng.com,Non-binary,2/8/1904
113,Virgil,Mendonca,vmendonca34@google.com.br,Male,10/6/1946
114,Michele,Peskett,mpeskett35@amazon.co.uk,Male,10/9/1744
115,Leanna,Eake,leake36@forbes.com,Female,12/23/1882
116,Marylin,Plomer,mplomer37@timesonline.co.uk,Female,1/26/1732
117,Lek,Dobbison,ldobbison38@nps.gov,Male,10/11/1804
118,Barrie,Worvill,bworvill39@ycombinator.com,Female,8/9/1836
119,Jennica,Necrews,jnecrews3a@earthlink.net,Female,8/25/1780
120,Sawyer,Humbee,shumbee3b@ucla.edu,Male,2/23/1775
121,Fredrick,Alelsandrovich,falelsandrovich3c@issuu.com,Male,5/27/1886
122,Petey,Rayburn,prayburn3d@oracle.com,Male,11/1/1824
123,Ketti,Hunton,khunton3e@google.pl,Female,8/30/1719
124,Godwin,Hammerson,ghammerson3f@cnbc.com,Male,10/19/1739
125,Lazaro,Garvan,lgarvan3g@ted.com,Male,1/17/1992
126,Cliff,Tampin,ctampin3h@ucoz.ru,Male,9/24/1680
127,Valencia,Joisce,vjoisce3i@godaddy.com,Female,4/8/1945
128,Tait,Kerrigan,tkerrigan3j@google.com.br,Male,5/22/1738
129,Wang,Bengall,wbengall3k@fema.gov,Male,12/22/1967
130,Tanitansy,Meake,tmeake3l@ed.gov,Female,10/13/1853
131,Vinnie,Guiduzzi,vguiduzzi3m@netscape.com,Male,1/22/1924
132,Tommie,Abramof,tabramof3n@hp.com,Male,6/11/1911
133,Andreas,Edmunds,aedmunds3o@sphinn.com,Male,9/28/2019
134,Nelli,Parminter,nparminter3p@hud.gov,Female,3/2/1849
135,Guilbert,Bittlestone,gbittlestone3q@phoca.cz,Male,5/11/1905
136,Xavier,McKenna,xmckenna3r@merriam-webster.com,Male,2/13/1876
137,Cara,Medcalf,cmedcalf3s@list-manage.com,Female,6/1/1822
138,Eben,Jedrzaszkiewicz,ejedrzaszkiewicz3t@ihg.com,Male,1/16/1764
139,Richie,Lambot,rlambot3u@issuu.com,Male,1/16/1886
140,Gianni,Biaggioni,gbiaggioni3v@qq.com,Male,2/22/1782
141,Filmer,Hegge,fhegge3w@irs.gov,Male,5/25/1933
142,Lionello,Le feuvre,llefeuvre3x@msu.edu,Male,9/25/1725
143,Hy,Free,hfree3y@marketwatch.com,Male,7/5/1656
144,Arman,Rushbrook,arushbrook3z@taobao.com,Male,12/15/1777
145,Kimble,Jenkinson,kjenkinson40@51.la,Male,1/11/1966
146,Kinny,Gianulli,kgianulli41@cafepress.com,Male,9/15/1989
147,Modestine,Kiddye,mkiddye42@over-blog.com,Female,2/13/1702
148,Ingamar,Chapier,ichapier43@trellian.com,Male,11/20/1698
149,Taylor,Sibyllina,tsibyllina44@devhub.com,Male,10/11/1804
150,Shela,Soots,ssoots45@goo.ne.jp,Female,5/24/1871
151,Gualterio,Charnick,gcharnick46@bluehost.com,Male,3/12/1876
152,Zelig,Osipov,zosipov47@canalblog.com,Male,4/30/1682
153,Cody,Whitely,cwhitely48@nbcnews.com,Male,2/13/1765
154,Petronilla,Denge,pdenge49@ask.com,Female,5/4/1932
155,Katinka,Krates,kkrates4a@theglobeandmail.com,Female,8/1/2007
156,Shaine,Ganny,sganny4b@xing.com,Male,3/14/1745
157,Heath,Comins,hcomins4c@list-manage.com,Female,1/22/1738
158,Thea,Vandenhoff,tvandenhoff4d@noaa.gov,Female,12/30/1984
159,Johnnie,Wilbor,jwilbor4e@cisco.com,Male,5/3/2007
160,Hadrian,Hindes,hhindes4f@php.net,Male,11/21/1945
161,Nowell,Foottit,nfoottit4g@pagesperso-orange.fr,Male,10/21/1730
162,Merwin,MacGaughey,mmacgaughey4h@163.com,Male,8/8/1972
163,Lyndsie,Elph,lelph4i@apple.com,Female,8/20/1923
164,Vittorio,Pozzo,vpozzo4j@vistaprint.com,Male,10/30/1667
165,Gusta,Stapylton,gstapylton4k@dagondesign.com,Female,8/27/1876
166,Byron,Morfett,bmorfett4l@msn.com,Genderfluid,4/30/1811
167,Lyndy,Achromov,lachromov4m@multiply.com,Female,6/17/1686
168,Zane,Roskams,zroskams4n@economist.com,Male,9/13/1712
169,Georgie,Yanin,gyanin4o@phoca.cz,Female,12/28/1712
170,Bartholomeus,Moncaster,bmoncaster4p@xing.com,Male,5/29/1780
171,Aeriell,Tuddenham,atuddenham4q@ameblo.jp,Female,3/22/1866
172,Bogart,Hamsson,bhamsson4r@illinois.edu,Male,10/19/1905
173,Joshuah,Halfpenny,jhalfpenny4s@cam.ac.uk,Male,8/26/1884
174,Harlan,Keppe,hkeppe4t@smh.com.au,Genderqueer,10/22/1713
175,Simeon,Janc,sjanc4u@hud.gov,Male,4/29/1770
176,Wernher,Tabrett,wtabrett4v@cnet.com,Male,4/17/1848
177,Oralie,Witherdon,owitherdon4w@bravesites.com,Female,5/12/1962
178,Nathan,Chasmoor,nchasmoor4x@cmu.edu,Agender,4/13/1697
179,Clemmie,Bingle,cbingle4y@dell.com,Polygender,6/5/1729
180,Cyrillus,Robbeke,crobbeke4z@linkedin.com,Male,12/4/1947
181,Merrill,Milverton,mmilverton50@oakley.com,Male,5/1/1872
182,Chic,Kabsch,ckabsch51@pcworld.com,Male,5/28/1976
183,Ric,Beales,rbeales52@pagesperso-orange.fr,Male,12/5/2004
184,Melesa,Bennington,mbennington53@freewebs.com,Female,6/11/1970
185,Sharron,Klaiser,sklaiser54@slashdot.org,Female,7/22/1687
186,Cord,Cases,ccases55@qq.com,Male,4/26/2008
187,Emmalee,Ronchetti,eronchetti56@ifeng.com,Female,11/16/1911
188,Ilaire,Tripp,itripp57@usa.gov,Male,9/24/1691
189,Abram,Assante,aassante58@chron.com,Male,6/6/1800
190,Gerty,Pizzie,gpizzie59@oakley.com,Female,3/24/1800
191,Court,Parradine,cparradine5a@istockphoto.com,Male,6/22/1788
192,Giraldo,Hawkings,ghawkings5b@archive.org,Male,11/4/1671
193,Christian,Aucourte,caucourte5c@redcross.org,Male,1/13/1785
194,Witty,Emms,wemms5d@chronoengine.com,Male,2/16/1818
195,Dewie,Weekly,dweekly5e@cnbc.com,Male,6/17/1795
196,Aldin,Ponten,aponten5f@netvibes.com,Male,10/9/1961
197,Blisse,Vasyukhin,bvasyukhin5g@state.gov,Female,6/3/1849
198,Stacee,Fallowfield,sfallowfield5h@spotify.com,Female,11/20/1937
199,Corissa,Jerwood,cjerwood5i@imageshack.us,Female,7/14/1997
200,Felicia,Prator,fprator5j@techcrunch.com,Female,10/10/1792
201,Wiley,Axon,waxon5k@princeton.edu,Male,5/6/1707
202,Ewart,Mapis,emapis5l@icq.com,Male,2/3/1775
203,Virgina,Barajaz,vbarajaz5m@php.net,Genderfluid,11/14/1826
204,Grady,Trumpeter,gtrumpeter5n@biglobe.ne.jp,Male,10/18/2000
205,Francesco,Catherine,fcatherine5o@cocolog-nifty.com,Male,7/17/1746
206,Querida,Druce,qdruce5p@reddit.com,Female,2/18/1805
207,Truman,Buffy,tbuffy5q@last.fm,Male,1/31/1674
208,Kattie,Ayers,kayers5r@lycos.com,Female,7/11/1666
209,Magdaia,Beddo,mbeddo5s@cdc.gov,Female,3/6/1781
210,Saw,Thorsby,sthorsby5t@apache.org,Non-binary,1/18/1739
211,Deane,Succamore,dsuccamore5u@wikipedia.org,Female,9/29/1852
212,Marna,Gouldeby,mgouldeby5v@aboutads.info,Female,4/18/1906
213,Aile,Shearwood,ashearwood5w@usa.gov,Female,5/28/1949
214,Shurwood,Hadcock,shadcock5x@examiner.com,Male,5/3/1869
215,Cammy,Landeg,clandeg5y@nydailynews.com,Male,9/28/1880
216,Hillery,Oulner,houlner5z@tripadvisor.com,Male,1/18/1690
217,Dex,Mushrow,dmushrow60@adobe.com,Male,12/15/1817
218,Sammy,Messom,smessom61@wunderground.com,Male,3/8/1744
219,Mervin,Hendrickx,mhendrickx62@msu.edu,Male,11/21/1856
220,Dionis,Lisle,dlisle63@netscape.com,Female,5/1/1933
221,Brina,Paynes,bpaynes64@vk.com,Female,1/19/1808
222,Vanna,Wraight,vwraight65@infoseek.co.jp,Female,10/18/1668
223,Konstanze,Rounding,krounding66@webs.com,Female,10/8/1818
224,Aldwin,Drewes,adrewes67@state.gov,Male,7/26/1773
225,Orella,Fitzsymonds,ofitzsymonds68@accuweather.com,Female,1/3/1695
226,Heda,Trayte,htrayte69@posterous.com,Female,5/11/1994
227,Lyndel,Mordey,lmordey6a@disqus.com,Female,3/24/1744
228,Caz,Munkley,cmunkley6b@unesco.org,Bigender,12/10/1808
229,Rube,Hague,rhague6c@ucla.edu,Male,4/13/1769
230,Glyn,Rushe,grushe6d@google.com.br,Female,4/16/1988
231,Hermie,Chason,hchason6e@smugmug.com,Male,7/7/1709
232,Barbette,Meneghi,bmeneghi6f@netvibes.com,Female,11/28/1889
233,Hastie,Keam,hkeam6g@shareasale.com,Male,5/31/1973
234,Tine,Flannery,tflannery6h@mapquest.com,Female,1/28/1946
235,Ilaire,Sweatland,isweatland6i@upenn.edu,Male,11/20/1837
236,Ahmad,Gohier,agohier6j@ucsd.edu,Male,7/8/1773
237,Bartholomeus,Mattea,bmattea6k@webnode.com,Male,1/14/1976
238,Ad,Rann,arann6l@illinois.edu,Male,8/19/1668
239,Lin,Wickwar,lwickwar6m@samsung.com,Female,10/12/1915
240,Leanora,Rookesby,lrookesby6n@biblegateway.com,Female,11/22/1836
241,Marta,Haldenby,mhaldenby6o@google.co.jp,Female,10/6/1728
242,Meggy,Zapata,mzapata6p@chronoengine.com,Female,4/11/1787
243,Waite,Juares,wjuares6q@sun.com,Male,9/13/1814
244,Tristan,Cobleigh,tcobleigh6r@liveinternet.ru,Male,5/8/1957
245,Odella,Ferfulle,oferfulle6s@printfriendly.com,Female,10/15/1663
246,Stephie,Francie,sfrancie6t@amazon.com,Female,5/26/1692
247,Geri,Balmer,gbalmer6u@unicef.org,Female,1/24/2003
248,Debee,Trolley,dtrolley6v@cafepress.com,Female,11/23/1730
249,Harriot,Offen,hoffen6w@deliciousdays.com,Female,6/8/1913
250,Brandi,Bollans,bbollans6x@gnu.org,Female,8/24/1902
251,Diana,Gouldie,dgouldie6y@abc.net.au,Female,2/5/1946
252,Cesar,Boribal,cboribal6z@comcast.net,Male,3/4/1957
253,Dehlia,Rosling,drosling70@nyu.edu,Female,10/18/1919
254,Deloria,Grzelczak,dgrzelczak71@sakura.ne.jp,Female,9/16/1830
255,Daffi,Fraczek,dfraczek72@dailymotion.com,Female,9/6/1687
256,Vi,Timby,vtimby73@sogou.com,Female,12/19/1868
257,Erda,Fallowfield,efallowfield74@example.com,Female,6/20/1746
258,Findlay,Osgarby,fosgarby75@ed.gov,Male,6/9/1969
259,Star,Viccary,sviccary76@ucoz.com,Female,6/7/1928
260,Malia,Yoslowitz,myoslowitz77@marketwatch.com,Female,4/3/1708
261,Jed,Morehall,jmorehall78@berkeley.edu,Male,3/4/1786
262,Barr,Ballard,bballard79@gmpg.org,Male,3/28/1890
263,Carina,Hunsworth,chunsworth7a@usda.gov,Female,4/10/1930
264,Israel,Everex,ieverex7b@xinhuanet.com,Male,1/30/1666
265,Augie,Bengoechea,abengoechea7c@businesswire.com,Polygender,1/20/1790
266,Genevra,Forker,gforker7d@ed.gov,Female,5/21/1790
267,Fin,Gozney,fgozney7e@who.int,Polygender,2/6/1692
268,Malissa,Cleef,mcleef7f@purevolume.com,Female,1/8/1772
269,Dyanne,Gussie,dgussie7g@ucsd.edu,Female,10/4/1905
270,Caddric,Tangye,ctangye7h@linkedin.com,Male,6/1/1842
271,Jamaal,Taggert,jtaggert7i@tmall.com,Male,3/4/1831
272,Florri,Rudwell,frudwell7j@miitbeian.gov.cn,Genderfluid,7/15/1698
273,De witt,Bignold,dbignold7k@businessweek.com,Male,1/6/1792
274,Bibby,Mees,bmees7l@xrea.com,Female,10/24/1879
275,Wye,Passman,wpassman7m@icio.us,Male,9/15/1699
276,Gabriella,Lionel,glionel7n@dyndns.org,Female,6/20/1816
277,Sayer,Waye,swaye7o@latimes.com,Male,6/13/1731
278,Darell,Stonner,dstonner7p@behance.net,Female,2/21/1995
279,Yehudi,Skones,yskones7q@prlog.org,Male,3/22/1766
280,Ros,Connold,rconnold7r@amazonaws.com,Female,9/13/1733
281,Stearn,Gerran,sgerran7s@cyberchimps.com,Male,10/16/1819
282,Kori,Scotson,kscotson7t@feedburner.com,Female,3/16/1832
283,Inger,Argont,iargont7u@ocn.ne.jp,Male,9/2/1947
284,Phoebe,Fordyce,pfordyce7v@tamu.edu,Female,3/6/1820
285,Kassey,Elie,kelie7w@storify.com,Female,4/3/1880
286,Steffie,Vanyatin,svanyatin7x@bbb.org,Female,12/7/1848
287,Phillipp,Penketh,ppenketh7y@meetup.com,Male,11/17/1893
288,Ladonna,Realph,lrealph7z@t-online.de,Female,8/12/1934
289,Broderick,Arsnell,barsnell80@jigsy.com,Male,9/27/1772
290,Lin,Botfield,lbotfield81@csmonitor.com,Agender,1/4/1683
291,Janos,Apperley,japperley82@yellowbook.com,Male,10/17/1766
292,Eleni,Apark,eapark83@cbsnews.com,Female,11/20/1828
293,Bel,Laskey,blaskey84@spotify.com,Female,3/18/1680
294,Reinhold,Divisek,rdivisek85@zimbio.com,Male,12/7/1799
295,Lisa,Fabbri,lfabbri86@state.gov,Female,10/24/1928
296,Bevon,Fishbourne,bfishbourne87@apple.com,Male,1/5/1806
297,Joeann,Leitche,jleitche88@netlog.com,Female,1/13/2000
298,Miran,McVane,mmcvane89@dmoz.org,Female,10/17/1960
299,Jessamine,Keen,jkeen8a@hp.com,Female,9/9/1926
300,Vallie,Hopewell,vhopewell8b@ed.gov,Female,9/29/1904
301,Carce,Gregon,cgregon8c@forbes.com,Male,7/12/1768
302,Miof mela,Heningham,mheningham8d@sphinn.com,Female,12/28/1759
303,Sayers,Linley,slinley8e@yale.edu,Male,6/6/1772
304,Christoforo,Brugsma,cbrugsma8f@weebly.com,Male,2/7/1746
305,Arturo,Lorenc,alorenc8g@dyndns.org,Male,1/17/1766
306,Jaclin,Pennell,jpennell8h@bigcartel.com,Female,8/17/1765
307,Maison,Bowdler,mbowdler8i@redcross.org,Male,2/13/1943
308,Muire,Andrejs,mandrejs8j@bluehost.com,Female,11/21/1756
309,Rahal,Swyne,rswyne8k@linkedin.com,Female,4/11/1670
310,Pyotr,Petch,ppetch8l@bloglovin.com,Male,2/9/1911
311,Casar,Bernaldez,cbernaldez8m@icq.com,Male,10/13/1692
312,Debora,Resun,dresun8n@rambler.ru,Female,10/31/2007
313,Toby,Paddington,tpaddington8o@seesaa.net,Female,7/11/1728
314,Fair,Phittiplace,fphittiplace8p@google.ru,Male,2/4/1942
315,Dionis,Dancer,ddancer8q@diigo.com,Female,11/20/1836
316,Frans,Eymer,feymer8r@etsy.com,Male,2/19/1856
317,Frank,Wetwood,fwetwood8s@creativecommons.org,Female,8/14/1857
318,Kristel,Timmons,ktimmons8t@businessweek.com,Female,10/2/1924
319,Jeramie,Nortcliffe,jnortcliffe8u@g.co,Male,5/22/1974
320,Penn,Archard,parchard8v@omniture.com,Male,5/3/1942
321,Garald,Craze,gcraze8w@nyu.edu,Male,5/14/1924
322,Hildagard,Olivi,holivi8x@zdnet.com,Polygender,6/15/1674
323,Lyn,Grassick,lgrassick8y@washington.edu,Male,1/18/1936
324,Jocelyne,Punt,jpunt8z@irs.gov,Non-binary,12/26/1873
325,Kelci,Coppledike,kcoppledike90@t-online.de,Female,2/6/1959
326,Gaylor,Adnet,gadnet91@sina.com.cn,Male,8/1/1717
327,Silvio,Wyndham,swyndham92@arizona.edu,Male,11/19/1839
328,Jimmy,Masselin,jmasselin93@youku.com,Male,9/18/1793
329,Dani,Rainsden,drainsden94@infoseek.co.jp,Female,9/1/1657
330,Artur,Sugden,asugden95@simplemachines.org,Male,6/20/1801
331,Janis,Penrith,jpenrith96@seesaa.net,Female,8/2/1887
332,Roderigo,Jopling,rjopling97@cyberchimps.com,Male,9/7/1810
333,Alexandrina,Lloyd,alloyd98@google.de,Female,3/9/1907
334,Saxe,Edie,sedie99@state.gov,Male,11/11/1742
335,Andrej,Brailey,abrailey9a@webeden.co.uk,Male,10/21/1685
336,Ches,Manna,cmanna9b@umn.edu,Male,7/31/1973
337,Timoteo,Lynd,tlynd9c@ox.ac.uk,Male,3/5/1769
338,Lorinda,Niles,lniles9d@squidoo.com,Female,3/11/1725
339,Kelila,Mutton,kmutton9e@theglobeandmail.com,Female,12/21/1656
340,Dorena,Meake,dmeake9f@yelp.com,Female,6/2/1948
341,Etty,Jellyman,ejellyman9g@t-online.de,Female,7/17/1818
342,Rabi,Aldiss,raldiss9h@rambler.ru,Bigender,11/16/1746
343,Liuka,Astlet,lastlet9i@squidoo.com,Female,7/31/1828
344,Dorena,Andrieu,dandrieu9j@bravesites.com,Female,5/1/1856
345,Arlana,Dossit,adossit9k@whitehouse.gov,Female,6/22/1779
346,Dore,Eakins,deakins9l@wordpress.com,Male,3/21/1999
347,Deva,Blaszczak,dblaszczak9m@w3.org,Female,11/6/1801
348,Rhys,Ditt,rditt9n@uol.com.br,Male,7/7/1816
349,Bellina,Robertacci,brobertacci9o@nhs.uk,Female,11/16/1774
350,Pammie,Rankling,prankling9p@ed.gov,Female,12/20/1685
351,Nicoline,Beeze,nbeeze9q@cyberchimps.com,Female,2/3/1888
352,Emanuele,Simond,esimond9r@usa.gov,Male,10/14/2019
353,Isadora,Clethro,iclethro9s@friendfeed.com,Female,2/28/1886
354,Claudius,Klimes,cklimes9t@w3.org,Male,6/30/1871
355,Susannah,Cregan,scregan9u@yahoo.co.jp,Female,2/26/2001
356,Sebastien,Dannatt,sdannatt9v@reddit.com,Male,9/23/1694
357,Shauna,Colbert,scolbert9w@free.fr,Female,4/18/1891
358,Vanni,Savoury,vsavoury9x@over-blog.com,Female,6/12/1864
359,Klarrisa,Easlea,keaslea9y@yale.edu,Female,7/27/1824
360,Eugene,Dulen,edulen9z@posterous.com,Male,1/26/1836
361,Zak,Gilleson,zgillesona0@devhub.com,Male,7/17/1723
362,Kenton,Levick,klevicka1@github.com,Male,6/30/1906
363,Hilde,Ceely,hceelya2@samsung.com,Female,2/12/1998
364,Jamima,Comino,jcominoa3@tinypic.com,Polygender,5/2/1662
365,Culley,Edgeley,cedgeleya4@aol.com,Male,7/13/1748
366,Olly,Streeten,ostreetena5@ihg.com,Male,12/11/1665
367,Boothe,Sposito,bspositoa6@vkontakte.ru,Male,9/1/1679
368,Scottie,Gubbin,sgubbina7@ow.ly,Male,1/19/1765
369,Broddie,Triebner,btriebnera8@blog.com,Agender,2/13/1825
370,Quinta,Cowpertwait,qcowpertwaita9@1und1.de,Female,3/30/1800
371,Avrom,Brewers,abrewersaa@linkedin.com,Male,5/30/1807
372,Raphaela,Lawrie,rlawrieab@icio.us,Polygender,10/17/1793
373,Wald,Kempster,wkempsterac@hugedomains.com,Male,1/13/1887
374,Norrie,MacSweeney,nmacsweeneyad@ca.gov,Male,12/5/2021
375,Patrizio,Scriven,pscrivenae@blogtalkradio.com,Male,7/26/1697
376,Jess,Ciccetti,jciccettiaf@buzzfeed.com,Male,6/22/1871
377,Sadie,Jina,sjinaag@de.vu,Female,2/3/1960
378,Udell,Worman,uwormanah@diigo.com,Agender,12/30/1961
379,Caty,Carff,ccarffai@biglobe.ne.jp,Genderqueer,11/24/1962
380,Pincas,Heselwood,pheselwoodaj@meetup.com,Male,11/10/1881
381,Kaja,Hitscher,khitscherak@shop-pro.jp,Bigender,2/6/1819
382,Norine,Foakes,nfoakesal@amazon.com,Polygender,4/21/1763
383,Cecilio,Volet,cvoletam@illinois.edu,Male,7/2/1802
384,Ferdie,Jaray,fjarayan@tripadvisor.com,Male,3/9/1824
385,Joel,Hing,jhingao@creativecommons.org,Male,8/4/2006
386,Wendall,Lillywhite,wlillywhiteap@sitemeter.com,Male,4/21/2005
387,Dag,Kastel,dkastelaq@canalblog.com,Male,7/3/1931
388,Waiter,Leimster,wleimsterar@usnews.com,Male,3/30/1921
389,Briny,Kesby,bkesbyas@liveinternet.ru,Female,12/2/1762
390,Korella,Strawbridge,kstrawbridgeat@yahoo.com,Female,5/10/1753
391,Thaine,Soares,tsoaresau@nymag.com,Male,11/24/1746
392,Mehetabel,Zimmermeister,mzimmermeisterav@hexun.com,Female,3/10/1901
393,Hube,Rubertis,hrubertisaw@addthis.com,Genderqueer,7/18/1666
394,Bary,Gavozzi,bgavozziax@nbcnews.com,Male,3/8/1716
395,Virge,McGaughay,vmcgaughayay@msn.com,Male,4/9/1806
396,Druci,Ambrosoli,dambrosoliaz@liveinternet.ru,Agender,10/13/1734
397,Emogene,Guiu,eguiub0@rediff.com,Female,7/10/1708
398,Laurianne,Hallgate,lhallgateb1@mac.com,Female,3/5/1973
399,Diahann,Ashbee,dashbeeb2@addthis.com,Female,8/30/1734
400,Leupold,Dun,ldunb3@list-manage.com,Male,11/29/1807
401,Ugo,Mulbry,umulbryb4@prnewswire.com,Male,1/3/1692
402,Lanni,Bransden,lbransdenb5@csmonitor.com,Female,3/24/1904
403,Steffi,Cervantes,scervantesb6@blinklist.com,Female,3/16/1927
404,Paddy,Kirsche,pkirscheb7@pcworld.com,Male,2/28/1960
405,Kirstin,Ipsly,kipslyb8@qq.com,Female,12/13/1961
406,Arabel,Averies,aaveriesb9@techcrunch.com,Female,8/2/1706
407,Agustin,Gypson,agypsonba@deviantart.com,Male,12/10/1725
408,Dom,de Mendoza,ddemendozabb@1und1.de,Male,12/2/1793
409,Cleopatra,Ancketill,cancketillbc@infoseek.co.jp,Female,9/1/1812
410,Melitta,Pietrowicz,mpietrowiczbd@yelp.com,Female,8/5/1925
411,Sandy,Antliff,santliffbe@bluehost.com,Female,10/2/1836
412,Noami,Halloran,nhalloranbf@opera.com,Female,10/12/1671
413,Esmeralda,Grishakov,egrishakovbg@chronoengine.com,Genderqueer,1/19/1772
414,Kathye,Pelerin,kpelerinbh@sfgate.com,Female,4/25/1906
415,Graig,Crooks,gcrooksbi@spotify.com,Male,2/25/1913
416,Susanetta,Matashkin,smatashkinbj@nyu.edu,Female,3/23/1819
417,Pace,Flancinbaum,pflancinbaumbk@hugedomains.com,Male,11/2/1849
418,Briana,Hedingham,bhedinghambl@marriott.com,Female,8/13/1692
419,Garvy,Rieme,griemebm@bizjournals.com,Male,12/14/1938
420,Mikael,Huffadine,mhuffadinebn@tuttocitta.it,Male,8/6/1825
421,Loreen,Senn,lsennbo@tmall.com,Agender,3/17/1744
422,Jan,Ameer-Beg,jameerbegbp@nhs.uk,Male,4/19/1860
423,Sasha,Zamorano,szamoranobq@rakuten.co.jp,Male,8/18/1952
424,Bradford,Dennis,bdennisbr@un.org,Male,6/9/1719
425,Kelley,Stallebrass,kstallebrassbs@bbc.co.uk,Male,7/5/1823
426,Pansie,Peartree,ppeartreebt@discuz.net,Female,11/28/1697
427,Rickert,Jocelyn,rjocelynbu@microsoft.com,Male,4/13/1695
428,Catina,Leversha,clevershabv@freewebs.com,Female,8/19/1888
429,Dennie,Grgic,dgrgicbw@skyrock.com,Female,1/26/1917
430,Codi,Pelcheur,cpelcheurbx@gov.uk,Female,10/1/1668
431,Dilan,Dobrovolny,ddobrovolnyby@privacy.gov.au,Male,5/27/1739
432,Donella,Willes,dwillesbz@imdb.com,Female,8/9/1810
433,Modestia,Moncey,mmonceyc0@list-manage.com,Female,5/30/1946
434,Jeralee,Stang-Gjertsen,jstanggjertsenc1@domainmarket.com,Female,1/16/1866
435,Erhard,O'Cannon,eocannonc2@nbcnews.com,Male,10/6/1715
436,Douglass,Stilly,dstillyc3@nih.gov,Male,5/24/1779
437,Anastassia,Fontin,afontinc4@addthis.com,Female,6/23/1775
438,Tracy,Wanden,twandenc5@ihg.com,Male,9/8/1828
439,Harli,McLevie,hmcleviec6@webnode.com,Female,12/12/1982
440,Townie,Mortell,tmortellc7@google.pl,Male,12/19/1742
441,Agnella,Raddenbury,araddenburyc8@ifeng.com,Female,2/23/1904
442,Archibold,Newbold,anewboldc9@nih.gov,Male,12/19/1882
443,Gillan,O'Hear,gohearca@nih.gov,Female,10/26/1804
444,Farris,Perillo,fperillocb@nyu.edu,Male,11/21/1846
445,Lonnard,Wishkar,lwishkarcc@google.cn,Male,6/30/1817
446,Reuven,Divers,rdiverscd@nsw.gov.au,Male,7/17/1947
447,Thaine,Queripel,tqueripelce@go.com,Male,11/2/1943
448,Fanechka,Amey,fameycf@kickstarter.com,Genderfluid,5/17/1789
449,Adrien,Norridge,anorridgecg@cornell.edu,Male,8/18/1787
450,Vin,Spellicy,vspellicych@youku.com,Male,3/22/1963
451,Mannie,Bikker,mbikkerci@hc360.com,Genderqueer,11/1/1717
452,Evvy,Osinin,eosinincj@army.mil,Agender,9/2/1954
453,Maurizia,Skillings,mskillingsck@sitemeter.com,Female,9/15/1660
454,Hollis,Wheelhouse,hwheelhousecl@disqus.com,Male,7/2/1729
455,Jasun,Bullin,jbullincm@omniture.com,Polygender,2/9/1893
456,Lisha,Boydon,lboydoncn@foxnews.com,Non-binary,11/12/1819
457,Darcie,Pedrielli,dpedriellico@jugem.jp,Female,9/9/1959
458,Reid,Fant,rfantcp@buzzfeed.com,Male,3/3/1675
459,Tracey,Corzor,tcorzorcq@over-blog.com,Female,4/29/1944
460,Malina,Mills,mmillscr@miitbeian.gov.cn,Bigender,11/3/1806
461,Angus,Stockman,astockmancs@4shared.com,Male,11/13/1899
462,Loralyn,Abrahams,labrahamsct@hc360.com,Female,1/10/1890
463,Cam,Rospars,crosparscu@webmd.com,Male,6/11/1917
464,Kally,Dot,kdotcv@facebook.com,Female,9/5/2012
465,Corrie,Jewers,cjewerscw@wordpress.org,Female,1/14/2005
466,Filberto,Snarr,fsnarrcx@wikimedia.org,Male,4/8/1673
467,Eva,Speariett,espeariettcy@nymag.com,Female,6/18/1664
468,Ethelbert,Fordy,efordycz@com.com,Male,1/26/2020
469,Hesther,Spore,hspored0@friendfeed.com,Female,10/21/1676
470,Patin,Gores,pgoresd1@nasa.gov,Male,4/6/1805
471,Claudell,Garham,cgarhamd2@goo.ne.jp,Male,7/10/1832
472,Nickolas,Gabitis,ngabitisd3@friendfeed.com,Male,1/11/1979
473,Lynn,Gilford,lgilfordd4@irs.gov,Male,8/24/1726
474,Gerri,Tennet,gtennetd5@storify.com,Male,7/15/1803
475,Gilberte,Malden,gmaldend6@aboutads.info,Female,2/14/1844
476,Bell,Klugel,bklugeld7@g.co,Female,6/26/1917
477,Graehme,Castana,gcastanad8@weather.com,Male,5/5/1835
478,Tobye,Buss,tbussd9@dailymotion.com,Bigender,4/22/1738
479,Jodi,Mouland,jmoulandda@bbb.org,Female,8/23/1940
480,Elvyn,Escreet,eescreetdb@ucoz.ru,Male,1/2/1762
481,Arv,Roser,aroserdc@purevolume.com,Male,2/22/2018
482,Hailee,Van Hove,hvanhovedd@sun.com,Female,4/16/1702
483,Merralee,Walework,mwaleworkde@w3.org,Female,9/28/1893
484,Rachelle,Goggan,rgoggandf@hc360.com,Female,5/30/1915
485,Vyky,Entwisle,ventwisledg@squarespace.com,Female,4/13/1892
486,Arlin,Brecknall,abrecknalldh@wikispaces.com,Male,6/19/1863
487,Gamaliel,Moodycliffe,gmoodycliffedi@dot.gov,Male,6/25/1655
488,Joyann,Kleinpeltz,jkleinpeltzdj@gnu.org,Female,12/22/1827
489,Elnora,Clampton,eclamptondk@pinterest.com,Female,10/27/1823
490,Geneva,Plenderleith,gplenderleithdl@edublogs.org,Female,8/31/1923
491,Rowan,Beesley,rbeesleydm@indiatimes.com,Male,12/8/1837
492,Daryle,Neem,dneemdn@bravesites.com,Male,12/3/1901
493,Eloise,Toffts,etofftsdo@shinystat.com,Female,4/8/1688
494,Port,Hawksby,phawksbydp@opera.com,Male,9/24/2022
495,Ansel,Hawkes,ahawkesdq@nydailynews.com,Male,11/7/1881
496,Hillel,Pisco,hpiscodr@liveinternet.ru,Male,6/19/1959
497,Samuele,Jeffray,sjeffrayds@usa.gov,Male,5/6/1997
498,Deeanne,Gallichan,dgallichandt@diigo.com,Female,5/8/1682
499,Geoffrey,Grishakov,ggrishakovdu@epa.gov,Polygender,10/4/1855
500,Bartie,Tunnacliffe,btunnacliffedv@aol.com,Male,1/22/1945
501,Hermia,Volonte,hvolontedw@booking.com,Female,10/26/1688
502,Cassy,Scarr,cscarrdx@amazon.co.jp,Female,9/25/1969
503,Moritz,Joslow,mjoslowdy@mit.edu,Male,2/7/1756
504,Goddart,Huot,ghuotdz@bbc.co.uk,Polygender,7/17/1909
505,Bendite,Seton,bsetone0@timesonline.co.uk,Non-binary,9/13/1777
506,Gennifer,Pogue,gpoguee1@addthis.com,Female,7/1/1878
507,Artemus,Liggins,aligginse2@studiopress.com,Male,11/15/1921
508,Faulkner,Ferran,fferrane3@pinterest.com,Male,5/27/1856
509,Katleen,Commucci,kcommuccie4@sakura.ne.jp,Female,9/8/1958
510,Merrill,McKellar,mmckellare5@163.com,Female,4/1/1952
511,Aldus,Perren,aperrene6@comsenz.com,Male,4/11/1666
512,Britney,Jiroudek,bjiroudeke7@samsung.com,Female,8/29/2017
513,Neville,Bare,nbaree8@bloglovin.com,Male,6/21/1895
514,Gav,L'oiseau,gloiseaue9@hibu.com,Male,8/4/1956
515,Yardley,Graver,ygraverea@netvibes.com,Agender,10/22/1659
516,Archer,Pimblett,apimbletteb@google.co.jp,Male,10/14/1963
517,Sanders,Philcott,sphilcottec@netlog.com,Male,8/24/1767
518,Nigel,Greenland,ngreenlanded@jugem.jp,Male,8/23/2021
519,Perl,Martynov,pmartynovee@unblog.fr,Female,9/14/1886
520,Noellyn,Wanklyn,nwanklynef@quantcast.com,Female,10/4/1850
521,Marcille,Cattle,mcattleeg@about.me,Female,4/19/1898
522,Caty,Pimme,cpimmeeh@utexas.edu,Genderqueer,10/10/1733
523,Dallas,Djekovic,ddjekovicei@delicious.com,Male,10/13/1710
524,Garwood,Morden,gmordenej@squidoo.com,Male,12/1/1663
525,Banky,Zorzetti,bzorzettiek@amazon.co.uk,Male,2/26/1889
526,Lonee,Meers,lmeersel@hc360.com,Female,6/10/2002
527,Gisele,Sleney,gsleneyem@thetimes.co.uk,Female,6/17/1683
528,Marc,Crunkhurn,mcrunkhurnen@skyrock.com,Male,4/15/1915
529,Jarvis,Kann,jkanneo@furl.net,Male,2/10/1657
530,Kingston,Troy,ktroyep@dell.com,Male,11/3/1689
531,Clarette,Wabersinke,cwabersinkeeq@msn.com,Female,4/12/1687
532,Earle,Tibbetts,etibbettser@vistaprint.com,Male,7/15/1748
533,Agnes,Acome,aacomees@cbsnews.com,Female,6/25/1715
534,Mada,Dabnor,mdabnoret@issuu.com,Genderfluid,9/12/1757
535,Leeland,Petts,lpettseu@mozilla.org,Male,3/25/1829
536,Norbert,Borzone,nborzoneev@cyberchimps.com,Male,7/17/1812
537,Ricky,Kiefer,rkieferew@multiply.com,Agender,1/31/1914
538,Hadrian,Bumfrey,hbumfreyex@wisc.edu,Male,10/16/1883
539,Sigfrid,Downing,sdowningey@slideshare.net,Male,11/7/1774
540,Irene,McAlister,imcalisterez@google.co.uk,Female,8/6/1720
541,Consolata,Chart,cchartf0@clickbank.net,Female,1/12/1964
542,Leigh,Farens,lfarensf1@theguardian.com,Female,8/6/1746
543,Dominique,Goldman,dgoldmanf2@prnewswire.com,Male,6/14/1799
544,Rosalinda,Summerlad,rsummerladf3@ustream.tv,Female,10/5/1751
545,Lorri,Di Bernardo,ldibernardof4@feedburner.com,Female,4/24/1719
546,Verine,Mc Meekin,vmcmeekinf5@odnoklassniki.ru,Female,6/15/1975
547,Leonie,Cadding,lcaddingf6@paginegialle.it,Female,11/16/1740
548,Camel,Skea,cskeaf7@mozilla.org,Female,1/16/2009
549,Neal,Evers,neversf8@fastcompany.com,Male,11/11/2006
550,Quent,Hartwell,qhartwellf9@mtv.com,Male,6/6/1912
551,Chrystel,Pawlata,cpawlatafa@biblegateway.com,Female,9/2/1856
552,El,Walkling,ewalklingfb@skyrock.com,Male,9/15/1853
553,Magnum,Knowlton,mknowltonfc@tripod.com,Male,10/30/1992
554,Petronilla,Moulding,pmouldingfd@time.com,Female,4/8/1734
555,Nathaniel,Presnell,npresnellfe@rambler.ru,Male,2/23/1912
556,Dwain,Rockell,drockellff@slideshare.net,Male,1/27/1932
557,Elle,Antognelli,eantognellifg@kickstarter.com,Female,2/12/1926
558,Cherie,Pontin,cpontinfh@flavors.me,Female,5/24/1919
559,Zandra,Ronaldson,zronaldsonfi@ustream.tv,Female,12/8/1679
560,Cass,Shearsby,cshearsbyfj@storify.com,Male,4/19/2013
561,Rosabel,Romanini,rromaninifk@photobucket.com,Female,12/1/1869
562,Richmound,Bellamy,rbellamyfl@chicagotribune.com,Male,8/20/1762
563,Hieronymus,Casaro,hcasarofm@tripadvisor.com,Male,12/6/1932
564,Bondy,Membry,bmembryfn@ft.com,Male,2/8/1755
565,Gasper,Brok,gbrokfo@i2i.jp,Male,6/13/1834
566,Ludwig,McKendo,lmckendofp@usgs.gov,Polygender,6/14/1944
567,Courtney,Matley,cmatleyfq@github.com,Female,3/22/1708
568,Toby,Warret,twarretfr@sciencedaily.com,Female,10/7/1978
569,Brande,Fosberry,bfosberryfs@unesco.org,Bigender,7/21/1818
570,Leonhard,Darrington,ldarringtonft@joomla.org,Male,6/5/1799
571,Benedikta,Cherrie,bcherriefu@webmd.com,Female,6/29/1933
572,Phyllis,Bednall,pbednallfv@ustream.tv,Female,9/27/1736
573,Thatcher,Jeayes,tjeayesfw@amazon.co.uk,Male,12/21/1696
574,Euphemia,Flucker,efluckerfx@hatena.ne.jp,Female,4/10/1777
575,Blythe,Lilly,blillyfy@europa.eu,Female,6/6/1764
576,Pavel,Worley,pworleyfz@livejournal.com,Male,1/16/1963
577,Mabel,Dunton,mduntong0@elpais.com,Female,1/13/2006
578,Vikky,Fold,vfoldg1@hexun.com,Female,10/18/1779
579,Paule,Carlet,pcarletg2@mediafire.com,Female,8/23/1701
580,Roxie,Parsall,rparsallg3@accuweather.com,Female,10/24/1973
581,Winona,Du Pre,wdupreg4@squarespace.com,Female,6/23/1938
582,Bowie,Davidsen,bdavidseng5@house.gov,Male,3/17/1896
583,Werner,Witty,wwittyg6@vinaora.com,Male,2/6/1807
584,Salaidh,Staning,sstaningg7@tmall.com,Female,1/3/1761
585,Corene,Barles,cbarlesg8@flickr.com,Female,8/25/1852
586,Elston,Beal,ebealg9@usatoday.com,Male,5/22/1850
587,Omar,Rickertsen,orickertsenga@hostgator.com,Male,5/25/1960
588,Mildred,Kuhlmey,mkuhlmeygb@disqus.com,Female,10/21/1989
589,Suzanne,Kindon,skindongc@indiatimes.com,Female,6/22/1747
590,Garrett,Biford,gbifordgd@weather.com,Male,4/21/1968
591,Erna,Tersay,etersayge@go.com,Genderfluid,1/7/1705
592,Anabella,Shimman,ashimmangf@so-net.ne.jp,Female,6/15/1799
593,Julietta,Halwell,jhalwellgg@smugmug.com,Female,6/10/1836
594,Symon,Ruter,srutergh@nbcnews.com,Male,10/21/1886
595,Boycey,Jacklin,bjacklingi@cdc.gov,Male,12/29/1791
596,Nisse,Gullick,ngullickgj@pagesperso-orange.fr,Female,10/25/1903
597,Pearle,Elion,peliongk@google.co.jp,Female,7/24/1999
598,Kizzie,Bonick,kbonickgl@state.tx.us,Female,3/29/1719
599,Franchot,Philcox,fphilcoxgm@irs.gov,Male,2/11/1874
600,Doe,Gibke,dgibkegn@printfriendly.com,Female,10/23/1878
601,Joly,Grubbe,jgrubbego@home.pl,Female,5/1/1945
602,Lenora,Tidcombe,ltidcombegp@sina.com.cn,Female,5/5/1890
603,Danny,Bartosek,dbartosekgq@miibeian.gov.cn,Male,1/3/1902
604,Jilli,Scowcroft,jscowcroftgr@alexa.com,Female,9/5/1827
605,Abbey,Lambdean,alambdeangs@google.ru,Male,8/30/1886
606,Thea,Benezet,tbenezetgt@shareasale.com,Female,11/7/1922
607,Clyde,Bick,cbickgu@nytimes.com,Male,9/11/2006
608,Giana,Jurca,gjurcagv@nyu.edu,Female,3/30/2010
609,Free,Schroter,fschrotergw@dot.gov,Male,3/7/1693
610,Nady,Laurence,nlaurencegx@whitehouse.gov,Female,12/27/1666
611,Alva,Ducker,aduckergy@dot.gov,Male,4/27/1981
612,Adore,Petrasek,apetrasekgz@accuweather.com,Female,12/25/1982
613,Robinetta,Pawle,rpawleh0@friendfeed.com,Female,8/2/1880
614,Sheridan,Kondratenko,skondratenkoh1@pen.io,Male,9/16/1947
615,Elvira,Cleever,ecleeverh2@devhub.com,Female,2/1/1963
616,Annie,Lassell,alassellh3@shop-pro.jp,Female,5/22/1729
617,Barris,MacCaughey,bmaccaugheyh4@cdc.gov,Male,8/2/1923
618,Alix,Cusick,acusickh5@arstechnica.com,Polygender,10/28/1833
619,Zsa zsa,Schoales,zschoalesh6@eepurl.com,Female,8/16/1805
620,Tanner,Mapp,tmapph7@berkeley.edu,Male,10/2/1841
621,Chuck,Deegan,cdeeganh8@vinaora.com,Male,11/11/1971
622,Meghan,Frampton,mframptonh9@friendfeed.com,Non-binary,8/3/1656
623,Artemis,Bougen,abougenha@theatlantic.com,Male,12/27/1875
624,Clim,Bottell,cbottellhb@pcworld.com,Male,7/18/1924
625,Colin,Limeburn,climeburnhc@flavors.me,Male,4/15/1844
626,Marja,Shubotham,mshubothamhd@jalbum.net,Female,9/5/1845
627,Tris,Huncoot,thuncoothe@paginegialle.it,Male,7/14/1675
628,Shurwood,Philippsohn,sphilippsohnhf@wikipedia.org,Male,7/13/1748
629,Jenelle,Fredson,jfredsonhg@usnews.com,Female,3/19/1670
630,Salvador,Pirot,spirothh@joomla.org,Male,11/23/1683
631,Pascale,Luberti,plubertihi@blogs.com,Male,10/1/1825
632,Wilburt,Vlasin,wvlasinhj@blogtalkradio.com,Male,7/16/2012
633,Georgeanne,Bosse,gbossehk@auda.org.au,Female,4/19/2024
634,Keelby,Itzhaiek,kitzhaiekhl@creativecommons.org,Male,3/11/1875
635,Kienan,Pinare,kpinarehm@google.nl,Male,4/4/1849
636,Giselbert,Klimkovich,gklimkovichhn@discovery.com,Male,6/8/1962
637,Arabel,Klass,aklassho@stumbleupon.com,Female,11/7/1773
638,Karolina,Aberkirdo,kaberkirdohp@dyndns.org,Female,8/24/1711
639,Kingsly,Wones,kwoneshq@indiegogo.com,Male,1/13/1838
640,Dan,Feltham,dfelthamhr@joomla.org,Male,11/7/1964
641,Derry,Armin,darminhs@usgs.gov,Male,3/15/1829
642,Gordy,Allot,gallotht@technorati.com,Male,12/9/1959
643,Zora,Davidofski,zdavidofskihu@scribd.com,Female,11/13/1848
644,Bianka,Moller,bmollerhv@dmoz.org,Female,10/17/1796
645,Sharlene,Brunke,sbrunkehw@w3.org,Female,6/17/1830
646,Blanca,Hendrikse,bhendriksehx@europa.eu,Female,4/1/1721
647,Mercedes,Grigoli,mgrigolihy@guardian.co.uk,Female,3/27/1764
648,Antonius,Lippingwell,alippingwellhz@ustream.tv,Male,8/30/1928
649,Romain,Hanning,rhanningi0@salon.com,Male,1/24/1954
650,Gianina,Gregorowicz,ggregorowiczi1@youtube.com,Bigender,1/30/1742
651,Devland,Iacomelli,diacomellii2@cmu.edu,Male,7/22/1983
652,Obed,Rimmer,orimmeri3@buzzfeed.com,Genderqueer,4/25/1678
653,Niccolo,Overland,noverlandi4@google.it,Male,3/30/1695
654,Nickolai,Jasiak,njasiaki5@seesaa.net,Male,9/20/1731
655,Wald,Deppe,wdeppei6@ted.com,Male,10/5/1944
656,Teena,Stowell,tstowelli7@edublogs.org,Female,10/28/1986
657,Mic,Regis,mregisi8@ovh.net,Male,8/14/1784
658,Ashlin,Petegre,apetegrei9@liveinternet.ru,Male,5/18/1974
659,Isadore,Sentinella,isentinellaia@apache.org,Male,3/24/1916
660,Walsh,Ledner,wlednerib@vistaprint.com,Male,10/12/1720
661,Fionnula,Orford,forfordic@wikipedia.org,Female,7/16/1684
662,Tootsie,Guitonneau,tguitonneauid@dedecms.com,Female,10/27/1798
663,Judith,Gransden,jgransdenie@alexa.com,Female,12/19/1744
664,Brigida,Roebuck,broebuckif@xrea.com,Female,5/3/1908
665,Kirby,Tow,ktowig@discovery.com,Female,9/24/1899
666,Georas,Aymer,gaymerih@cafepress.com,Polygender,2/15/1734
667,Davidson,Goldie,dgoldieii@parallels.com,Bigender,3/3/1662
668,Sumner,Bourhill,sbourhillij@imgur.com,Male,2/20/1790
669,Pavia,Glennie,pglennieik@jiathis.com,Female,2/13/1818
670,Esme,Segges,eseggesil@elpais.com,Female,10/1/1832
671,Merridie,Ziemke,mziemkeim@yale.edu,Female,10/7/1779
672,Quinlan,Trustie,qtrustiein@telegraph.co.uk,Male,3/4/1888
673,Siana,Fassum,sfassumio@plala.or.jp,Female,5/3/2007
674,Simmonds,Mateescu,smateescuip@surveymonkey.com,Male,8/15/1721
675,Hillard,Marians,hmariansiq@freewebs.com,Male,5/9/1831
676,Mollie,Wykes,mwykesir@miitbeian.gov.cn,Female,9/15/1873
677,Leyla,Readwood,lreadwoodis@vinaora.com,Female,6/12/1744
678,Tallie,Schwier,tschwierit@is.gd,Female,2/16/1725
679,Arabela,Arenson,aarensoniu@dagondesign.com,Female,5/4/1771
680,Bernardine,Slowley,bslowleyiv@ebay.com,Non-binary,1/27/1961
681,Madlin,Claeskens,mclaeskensiw@google.fr,Female,9/29/1880
682,Natasha,Tyre,ntyreix@zdnet.com,Female,10/23/1854
683,Mario,Prugel,mprugeliy@hao123.com,Male,9/4/1915
684,Lissie,Caldes,lcaldesiz@unc.edu,Female,2/1/1978
685,Mikkel,Dugald,mdugaldj0@businesswire.com,Male,6/23/1983
686,Hillary,Whiskerd,hwhiskerdj1@ucoz.com,Male,10/9/1732
687,Chance,Dannett,cdannettj2@skyrock.com,Male,7/20/1734
688,Uriel,Inott,uinottj3@businessweek.com,Male,6/27/1697
689,Arlan,Piddington,apiddingtonj4@ustream.tv,Male,1/11/1736
690,Immanuel,Whear,iwhearj5@comsenz.com,Male,5/7/2000
691,Inez,Mahaddie,imahaddiej6@sciencedirect.com,Female,9/12/2007
692,Allen,Morrissey,amorrisseyj7@army.mil,Male,3/4/1862
693,Tobye,Heaker,theakerj8@ft.com,Female,12/11/1656
694,Gail,Shadrach,gshadrachj9@un.org,Female,11/21/1775
695,Fabio,Lackner,flacknerja@dedecms.com,Male,1/15/1793
696,Griswold,Ludmann,gludmannjb@deviantart.com,Male,6/6/1986
697,Happy,Latta,hlattajc@tumblr.com,Female,8/24/1667
698,Jackquelin,Curragh,jcurraghjd@slashdot.org,Female,3/15/1964
699,Natal,Gooly,ngoolyje@auda.org.au,Male,5/19/1991
700,Gaultiero,Grumley,ggrumleyjf@soundcloud.com,Male,4/30/1927
701,Kurt,McNaughton,kmcnaughtonjg@deliciousdays.com,Male,6/4/1684
702,Delphinia,Goodlad,dgoodladjh@soundcloud.com,Non-binary,1/15/1969
703,Colline,Vickars,cvickarsji@hostgator.com,Female,2/2/1880
704,Daron,Adiscot,dadiscotjj@sphinn.com,Male,6/30/1974
705,Ludovika,Ardern,lardernjk@theatlantic.com,Female,4/17/1934
706,Dianna,Beenham,dbeenhamjl@state.tx.us,Female,11/10/2002
707,Catherin,Brandel,cbrandeljm@dropbox.com,Female,12/29/1708
708,Otho,Poppy,opoppyjn@hud.gov,Male,1/26/1835
709,Dolores,Gisburne,dgisburnejo@naver.com,Female,10/16/1798
710,Wallas,Braybrooks,wbraybrooksjp@miitbeian.gov.cn,Male,4/13/1938
711,Dion,Itzchaki,ditzchakijq@netlog.com,Male,12/7/1682
712,Harcourt,Manley,hmanleyjr@cbsnews.com,Male,12/24/1988
713,Maitilde,Adamek,madamekjs@globo.com,Female,8/1/1790
714,Urson,Oldacres,uoldacresjt@wikia.com,Male,10/13/1828
715,Minta,Gosford,mgosfordju@tinypic.com,Female,3/27/1907
716,Wain,Vedeneev,wvedeneevjv@cnbc.com,Male,12/7/1714
717,Lotta,Kroll,lkrolljw@rakuten.co.jp,Female,1/13/1713
718,Gail,Ivashin,givashinjx@java.com,Female,2/21/1806
719,Jude,Debnam,jdebnamjy@1und1.de,Male,2/21/1818
720,Noelyn,Extil,nextiljz@elegantthemes.com,Female,1/15/1866
721,Zolly,Dewhirst,zdewhirstk0@forbes.com,Male,3/23/1788
722,Nettle,Roote,nrootek1@taobao.com,Female,4/14/1998
723,Hakeem,Escalera,hescalerak2@google.co.jp,Male,2/18/1962
724,Lisabeth,Kenchington,lkenchingtonk3@rambler.ru,Female,7/2/1882
725,Olag,Caunt,ocauntk4@usda.gov,Male,6/16/1760
726,Clementina,Kulvear,ckulveark5@cdc.gov,Female,1/6/1670
727,Audrey,Bruckmann,abruckmannk6@imdb.com,Female,11/13/1784
728,Isidora,Peinton,ipeintonk7@house.gov,Female,12/3/1906
729,Dar,Liven,dlivenk8@prnewswire.com,Male,9/5/1918
730,Hamlin,Schroeder,hschroederk9@youtube.com,Male,2/12/1683
731,Taffy,Franceschelli,tfranceschellika@engadget.com,Female,9/7/1916
732,Gerri,Pudsall,gpudsallkb@de.vu,Female,6/20/1801
733,Maure,Kinsman,mkinsmankc@thetimes.co.uk,Female,5/18/1789
734,Shea,Chaman,schamankd@twitpic.com,Male,5/21/1909
735,Susette,Dudney,sdudneyke@de.vu,Female,1/1/1817
736,Brit,Sawford,bsawfordkf@house.gov,Male,6/9/1824
737,Delaney,Christian,dchristiankg@home.pl,Male,11/7/1830
738,Chloe,Anders,canderskh@addthis.com,Female,2/24/1796
739,Matti,Willmetts,mwillmettski@surveymonkey.com,Female,4/29/1877
740,Phaidra,Sturman,psturmankj@sfgate.com,Female,1/24/1759
741,Alma,Chapelhow,achapelhowkk@themeforest.net,Female,4/9/1840
742,Liesa,Matcham,lmatchamkl@deviantart.com,Female,8/3/1759
743,Emmanuel,Phillipps,ephillippskm@goo.gl,Male,6/20/1772
744,Eddy,Cranston,ecranstonkn@google.com.br,Female,5/1/1833
745,Alair,Pilbury,apilburyko@thetimes.co.uk,Male,9/6/1722
746,Stanly,Embra,sembrakp@ed.gov,Male,9/3/1966
747,Valencia,Camelli,vcamellikq@un.org,Female,9/21/1886
748,Roberto,Dummett,rdummettkr@salon.com,Male,3/30/1791
749,Finn,Spilsted,fspilstedks@gravatar.com,Male,5/16/1702
750,Junette,Patty,jpattykt@irs.gov,Female,4/17/1975
751,Desdemona,Guice,dguiceku@aol.com,Female,8/30/1896
752,Ellie,Smelley,esmelleykv@google.ca,Female,5/13/1861
753,Tawsha,Raybould,traybouldkw@dropbox.com,Female,1/13/1784
754,Klarika,Blitz,kblitzkx@mozilla.org,Female,1/18/1721
755,Trina,Colbert,tcolbertky@guardian.co.uk,Female,2/14/1812
756,Lyda,Miche,lmichekz@nsw.gov.au,Female,1/24/1832
757,Hughie,Slator,hslatorl0@google.com.br,Genderqueer,11/25/1884
758,Nickolas,Congram,ncongraml1@tripod.com,Male,10/31/1821
759,Paulette,Barkworth,pbarkworthl2@salon.com,Female,8/11/1785
760,Marmaduke,Firpo,mfirpol3@pcworld.com,Genderqueer,11/21/1688
761,Hamlen,Saunt,hsauntl4@businessweek.com,Male,2/18/1729
762,Joshuah,Rich,jrichl5@biglobe.ne.jp,Agender,1/6/1900
763,Luella,Worrill,lworrilll6@google.cn,Female,6/27/1710
764,Alford,Yorath,ayorathl7@multiply.com,Male,2/26/1881
765,Jillane,Milward,jmilwardl8@bluehost.com,Female,7/27/1716
766,Nelson,Drust,ndrustl9@amazonaws.com,Male,4/18/1903
767,Jeanelle,Ranyard,jranyardla@ucsd.edu,Female,7/21/1713
768,Chrisy,Tellenbach,ctellenbachlb@washingtonpost.com,Male,5/2/1962
769,Haywood,Jordine,hjordinelc@oakley.com,Male,6/23/1982
770,Ambrose,Plumley,aplumleyld@bing.com,Male,12/15/1812
771,Karlotta,Radborn,kradbornle@webeden.co.uk,Female,4/11/1852
772,Sosanna,Paramor,sparamorlf@comcast.net,Female,3/5/1759
773,Otes,Bickmore,obickmorelg@cpanel.net,Male,9/23/1782
774,Cherey,Stronough,cstronoughlh@sakura.ne.jp,Bigender,1/30/1664
775,Mattheus,Caveill,mcaveillli@cnet.com,Male,7/26/1682
776,Alasdair,Hunnywell,ahunnywelllj@bluehost.com,Male,7/23/1757
777,Beverley,Hedlestone,bhedlestonelk@instagram.com,Female,2/21/1692
778,Manolo,Fruish,mfruishll@behance.net,Male,8/14/1952
779,Amity,Reddell,areddelllm@ebay.com,Female,6/29/1858
780,Karlan,Letty,klettyln@desdev.cn,Male,9/8/1696
781,Nanette,Colter,ncolterlo@vimeo.com,Female,2/27/1919
782,Catharina,Kime,ckimelp@comcast.net,Female,3/31/1925
783,Casey,Easson,ceassonlq@hp.com,Male,5/9/1852
784,Mitchell,Lethabridge,mlethabridgelr@home.pl,Male,8/16/1665
785,Tracie,Cargill,tcargillls@jiathis.com,Male,6/24/1955
786,Delia,Layton,dlaytonlt@ucla.edu,Female,3/26/1763
787,Maurise,Frame,mframelu@blog.com,Male,7/28/1732
788,Chiquia,Philipson,cphilipsonlv@tinypic.com,Female,12/11/1792
789,Annabelle,Gunstone,agunstonelw@gizmodo.com,Female,1/15/1963
790,Oriana,Dowsett,odowsettlx@phpbb.com,Female,2/3/1986
791,Waverley,Trahar,wtraharly@clickbank.net,Male,8/24/1932
792,Ingram,Kuban,ikubanlz@tripadvisor.com,Male,3/20/1815
793,Gottfried,Rowan,growanm0@guardian.co.uk,Male,3/16/1740
794,Hendrika,Watkins,hwatkinsm1@pcworld.com,Female,12/23/1832
795,Tove,Sturt,tsturtm2@soup.io,Genderfluid,5/27/1874
796,Eadith,Barhems,ebarhemsm3@dropbox.com,Female,3/9/1969
797,Brandais,Flemyng,bflemyngm4@tripadvisor.com,Female,5/16/1866
798,Ber,Naseby,bnasebym5@ucsd.edu,Male,7/28/1822
799,Hobie,Cabbell,hcabbellm6@newyorker.com,Male,1/2/1938
800,Kate,Makin,kmakinm7@icq.com,Female,7/5/1666
801,Barbaraanne,Pursehouse,bpursehousem8@lulu.com,Bigender,2/11/1994
802,Dorie,Simkovich,dsimkovichm9@virginia.edu,Male,3/9/1887
803,Bernadene,Beininck,bbeininckma@tuttocitta.it,Female,9/19/1852
804,Darwin,Bratty,dbrattymb@digg.com,Male,7/28/2005
805,Livvyy,Birkett,lbirkettmc@blogspot.com,Female,3/22/2020
806,Cari,Undy,cundymd@reuters.com,Female,12/21/1865
807,Rora,Van Der Walt,rvanderwaltme@arstechnica.com,Female,3/8/1900
808,Betteanne,Jouhan,bjouhanmf@wisc.edu,Non-binary,6/16/1841
809,Corrie,Pourvoieur,cpourvoieurmg@mozilla.com,Genderqueer,12/3/1713
810,Mozes,Guterson,mgutersonmh@ning.com,Male,7/3/1995
811,Roobbie,MacFall,rmacfallmi@feedburner.com,Female,2/5/1829
812,Desdemona,Farry,dfarrymj@newsvine.com,Female,8/2/1804
813,Maurits,Skelding,mskeldingmk@china.com.cn,Male,12/5/1731
814,Cobbie,Wilsone,cwilsoneml@wsj.com,Male,7/5/1911
815,Hunfredo,Strephan,hstrephanmm@slate.com,Male,3/4/1873
816,Reine,Swalwell,rswalwellmn@seesaa.net,Female,10/20/1996
817,Idette,Ayshford,iayshfordmo@photobucket.com,Bigender,6/21/1868
818,Lillian,Butterfill,lbutterfillmp@chicagotribune.com,Female,2/8/1657
819,Pierre,Geraudel,pgeraudelmq@stumbleupon.com,Male,12/29/1892
820,Rorie,Lobley,rlobleymr@springer.com,Polygender,11/20/1817
821,Elliott,Arrundale,earrundalems@washingtonpost.com,Male,1/12/1982
822,Nanci,Shank,nshankmt@japanpost.jp,Bigender,8/5/1743
823,Jarrad,Gallimore,jgallimoremu@free.fr,Male,5/28/1899
824,Noby,Kubu,nkubumv@nymag.com,Male,6/7/1960
825,Stephanus,Lawrenson,slawrensonmw@cafepress.com,Male,11/21/1870
826,Allan,Tremblot,atremblotmx@chron.com,Male,7/24/1832
827,Eugine,Lahiff,elahiffmy@1688.com,Female,1/11/1698
828,Ingrim,Umpleby,iumplebymz@epa.gov,Male,5/29/1794
829,Norry,Mizzen,nmizzenn0@nps.gov,Female,12/8/1716
830,Essa,Parchment,eparchmentn1@behance.net,Female,4/9/1997
831,Adelind,Cornew,acornewn2@arizona.edu,Bigender,8/31/2016
832,Albertina,Kingsworth,akingsworthn3@ed.gov,Non-binary,11/27/1699
833,Arabella,Kulis,akulisn4@rambler.ru,Female,2/21/1882
834,Jocelyne,Enbury,jenburyn5@nba.com,Female,7/30/1745
835,Reuben,Estcourt,restcourtn6@nhs.uk,Genderqueer,4/29/1738
836,Winnie,Heighway,wheighwayn7@washington.edu,Female,11/19/1720
837,Devin,Presdie,dpresdien8@weibo.com,Female,8/3/1910
838,Caldwell,Balint,cbalintn9@huffingtonpost.com,Male,10/11/1751
839,Allan,Tellett,atellettna@nhs.uk,Male,6/17/1761
840,Dorry,Colleford,dcollefordnb@sfgate.com,Female,10/29/1812
841,Woodman,Kimbling,wkimblingnc@elpais.com,Male,7/8/1769
842,Gabrielle,Hellewell,ghellewellnd@webs.com,Female,7/8/1825
843,Jordan,Galway,jgalwayne@toplist.cz,Male,9/3/1763
844,Terrill,Wakes,twakesnf@latimes.com,Male,5/29/1889
845,Bradan,Laydel,blaydelng@ustream.tv,Male,11/11/1709
846,Jacklin,Laurance,jlaurancenh@hubpages.com,Female,1/22/1761
847,Dana,Found,dfoundni@army.mil,Female,6/15/1939
848,Farley,Bozward,fbozwardnj@google.fr,Male,12/2/1723
849,Meg,Ginger,mgingernk@indiegogo.com,Non-binary,8/28/1910
850,Javier,Michallat,jmichallatnl@pbs.org,Male,8/29/2020
851,Ricki,Pennicard,rpennicardnm@hexun.com,Male,4/8/2007
852,Tabbi,McRitchie,tmcritchienn@yellowbook.com,Female,6/27/1808
853,Neysa,Olivetti,nolivettino@tinypic.com,Female,2/8/1872
854,Salomon,Caswall,scaswallnp@360.cn,Male,1/22/2013
855,Leonore,Ricardon,lricardonnq@imgur.com,Genderqueer,6/2/2000
856,Lancelot,Welbelove,lwelbelovenr@e-recht24.de,Male,8/15/2001
857,Stormie,Doerrling,sdoerrlingns@psu.edu,Female,10/11/1687
858,Corrine,Karel,ckarelnt@slashdot.org,Female,11/11/1828
859,Wylie,Nappin,wnappinnu@soup.io,Male,4/28/1726
860,Yoshi,Stickins,ystickinsnv@bigcartel.com,Female,7/5/1753
861,Eadmund,Barlace,ebarlacenw@apache.org,Male,12/30/1843
862,Ivett,Franies,ifraniesnx@tiny.cc,Female,10/20/1901
863,Gary,Ettritch,gettritchny@umich.edu,Male,8/31/1939
864,Basile,Leete,bleetenz@friendfeed.com,Genderqueer,2/8/1949
865,Farlay,Linthead,flintheado0@discuz.net,Male,6/17/1691
866,Remy,Grewcock,rgrewcocko1@sciencedirect.com,Female,5/20/1830
867,Kelci,Waymont,kwaymonto2@latimes.com,Female,9/18/1907
868,Ado,Elders,aelderso3@live.com,Male,8/17/1700
869,Kaia,Le Fleming,kleflemingo4@microsoft.com,Female,9/26/1786
870,Mora,Myrick,mmyricko5@jigsy.com,Female,5/18/1825
871,Nelli,Healings,nhealingso6@parallels.com,Female,9/17/1797
872,Sallyann,Rusling,sruslingo7@boston.com,Agender,3/25/1890
873,Amelie,Breinlein,abreinleino8@eventbrite.com,Female,3/15/1931
874,Melony,Beaves,mbeaveso9@reddit.com,Female,6/21/1812
875,Clem,Bancroft,cbancroftoa@washingtonpost.com,Male,7/28/1981
876,Rem,Laroze,rlarozeob@weebly.com,Male,12/20/1769
877,Eldin,Fydoe,efydoeoc@irs.gov,Male,12/19/1661
878,Chev,Prydden,cpryddenod@forbes.com,Male,9/14/1803
879,Adan,Spiby,aspibyoe@soundcloud.com,Female,10/19/1892
880,Amil,Rupert,arupertof@desdev.cn,Female,8/7/1801
881,Cherry,Vakhrushev,cvakhrushevog@cdbaby.com,Female,2/18/1706
882,Almeria,Vedikhov,avedikhovoh@sphinn.com,Agender,3/14/1741
883,Xerxes,Graal,xgraaloi@arizona.edu,Male,12/16/1983
884,Gussi,Arblaster,garblasteroj@microsoft.com,Genderfluid,6/28/1727
885,Berty,Fedoronko,bfedoronkook@squarespace.com,Male,9/10/1992
886,Erda,Thoresbie,ethoresbieol@baidu.com,Female,1/23/1794
887,Ysabel,Hagwood,yhagwoodom@github.com,Female,5/29/1842
888,Clemence,Hultberg,chultbergon@biblegateway.com,Female,7/8/1767
889,Anny,Skaid,askaidoo@google.nl,Female,5/19/1751
890,Sinclare,Gerhts,sgerhtsop@vkontakte.ru,Male,12/25/1862
891,Lonni,Arrigo,larrigooq@biblegateway.com,Female,11/10/1925
892,Philipa,Matous,pmatousor@myspace.com,Female,12/12/1699
893,Sonni,Trodd,stroddos@buzzfeed.com,Female,10/17/1969
894,Whittaker,Booij,wbooijot@unesco.org,Male,11/29/1669
895,Eirena,Cossons,ecossonsou@narod.ru,Female,3/13/1953
896,Carley,Zelley,czelleyov@google.co.uk,Female,1/24/1947
897,Derrek,Kidston,dkidstonow@merriam-webster.com,Agender,10/22/1848
898,Brand,Rounsivall,brounsivallox@state.tx.us,Male,6/21/1883
899,Van,Rudwell,vrudwelloy@blinklist.com,Male,10/7/1945
900,Lucas,Muzzini,lmuzzinioz@biglobe.ne.jp,Male,6/14/1667
901,Dan,Conville,dconvillep0@1und1.de,Male,8/1/1896
902,Fleming,De Lasci,fdelascip1@weebly.com,Male,3/26/1802
903,Angela,Essam,aessamp2@homestead.com,Female,1/2/1682
904,Catharine,Nanetti,cnanettip3@e-recht24.de,Female,5/11/1827
905,Carie,Shillitto,cshillittop4@csmonitor.com,Female,7/17/1792
906,Polly,Sides,psidesp5@devhub.com,Female,10/26/1929
907,Malina,Crippen,mcrippenp6@google.co.jp,Female,10/15/1964
908,Caterina,Dovington,cdovingtonp7@shop-pro.jp,Agender,7/31/1946
909,Siouxie,Eckels,seckelsp8@google.nl,Female,5/6/1670
910,Gale,Greenstock,ggreenstockp9@shop-pro.jp,Male,5/11/1709
911,Basile,Paudin,bpaudinpa@about.me,Male,2/11/1782
912,Melisa,Hassewell,mhassewellpb@google.com.au,Female,7/19/1798
913,Maryjane,Risebrow,mrisebrowpc@howstuffworks.com,Female,1/30/1846
914,Gaspard,Piens,gpienspd@soundcloud.com,Male,12/17/1879
915,Gabi,Fawltey,gfawlteype@sourceforge.net,Female,7/24/1940
916,Everett,Di Bartolommeo,edibartolommeopf@tripadvisor.com,Male,9/11/1693
917,Kit,Loder,kloderpg@so-net.ne.jp,Female,5/3/1877
918,Loydie,Blacklock,lblacklockph@smugmug.com,Male,1/26/1769
919,Eziechiele,Dishmon,edishmonpi@unblog.fr,Male,3/6/1699
920,Rici,Dougary,rdougarypj@about.me,Female,1/9/1818
921,Victor,Kentish,vkentishpk@nhs.uk,Male,7/31/1902
922,Freeman,Gisbey,fgisbeypl@apache.org,Male,10/10/1913
923,Ewan,Leidecker,eleideckerpm@google.com.hk,Male,2/26/1674
924,Winthrop,Kinnar,wkinnarpn@mail.ru,Polygender,12/1/1697
925,Marketa,Langrish,mlangrishpo@youku.com,Female,6/14/1659
926,Hilton,Aim,haimpp@washington.edu,Male,8/21/1871
927,Riva,Bozworth,rbozworthpq@businessinsider.com,Female,3/9/1885
928,Arline,Trethewey,atretheweypr@mail.ru,Polygender,9/8/1723
929,Killy,McKee,kmckeeps@wikispaces.com,Non-binary,8/25/1710
930,Fenelia,Orsi,forsipt@chicagotribune.com,Female,9/25/1721
931,Ardelis,Barnwall,abarnwallpu@quantcast.com,Female,7/6/1658
932,Allene,Igoe,aigoepv@hao123.com,Female,2/27/1818
933,Philip,Fishby,pfishbypw@hao123.com,Male,10/17/1757
934,Dalton,Sandell,dsandellpx@hp.com,Male,7/7/1949
935,Vince,Heiner,vheinerpy@yellowpages.com,Male,3/5/1752
936,Felecia,Coleborn,fcolebornpz@domainmarket.com,Female,8/6/1995
937,Nada,Ferandez,nferandezq0@cisco.com,Female,8/1/1716
938,Dusty,Lloyds,dlloydsq1@usa.gov,Female,1/20/1721
939,Lanae,McDavitt,lmcdavittq2@dagondesign.com,Female,4/25/1838
940,Zarla,Sherlaw,zsherlawq3@examiner.com,Non-binary,5/3/1720
941,Salomon,Bourner,sbournerq4@sciencedaily.com,Male,12/18/1842
942,Brooks,Imms,bimmsq5@wufoo.com,Male,2/6/1926
943,Elene,Venable,evenableq6@github.com,Female,5/13/1672
944,Maryjo,Tuhy,mtuhyq7@phpbb.com,Female,12/14/1799
945,Trisha,Alderson,taldersonq8@mozilla.com,Bigender,2/14/1890
946,Margarethe,Cleveland,mclevelandq9@oakley.com,Female,5/1/1664
947,Irving,Clothier,iclothierqa@ox.ac.uk,Male,3/22/2009
948,Lisetta,Moy,lmoyqb@moonfruit.com,Female,7/2/2001
949,Ogdon,Sannes,osannesqc@yellowpages.com,Male,6/9/1754
950,Gray,Lodge,glodgeqd@soundcloud.com,Non-binary,8/27/1955
951,Fidelio,Wisedale,fwisedaleqe@oakley.com,Male,11/27/1967
952,Darin,Cawthorne,dcawthorneqf@w3.org,Polygender,1/17/1961
953,Delano,Flaunders,dflaundersqg@mysql.com,Male,8/26/1804
954,Wood,Cello,wcelloqh@gmpg.org,Male,9/8/1978
955,Lena,Farleigh,lfarleighqi@wufoo.com,Female,8/1/1684
956,Anstice,Poletto,apolettoqj@surveymonkey.com,Female,11/16/1833
957,Alphonse,Udall,audallqk@vkontakte.ru,Male,6/27/1698
958,Ingar,Gumbley,igumbleyql@pagesperso-orange.fr,Male,8/4/1673
959,Pyotr,Greated,pgreatedqm@state.gov,Male,8/4/1872
960,Maritsa,Petracek,mpetracekqn@guardian.co.uk,Female,11/10/1676
961,Grissel,Adaway,gadawayqo@uol.com.br,Female,7/11/1953
962,Walton,Cass,wcassqp@feedburner.com,Male,1/23/1843
963,Ashton,Stopford,astopfordqq@over-blog.com,Male,5/8/1707
964,Hinze,Ellam,hellamqr@multiply.com,Male,3/22/1877
965,Rois,Seton,rsetonqs@nhs.uk,Female,9/23/1725
966,Myrtie,Grunwald,mgrunwaldqt@google.es,Female,1/29/1985
967,Faun,Monkton,fmonktonqu@friendfeed.com,Female,11/9/1908
968,Remus,Townsend,rtownsendqv@angelfire.com,Male,1/5/1971
969,Onfroi,Finch,ofinchqw@shareasale.com,Male,10/19/1950
970,Bea,Addington,baddingtonqx@phpbb.com,Polygender,2/14/1849
971,Sybilla,Pennigar,spennigarqy@house.gov,Female,4/5/1842
972,Ailee,Gulliver,agulliverqz@fda.gov,Female,5/18/1900
973,Luise,Teasdale,lteasdaler0@acquirethisname.com,Female,10/14/1718
974,Arly,Wren,awrenr1@live.com,Female,10/9/1698
975,Corty,Noraway,cnorawayr2@comcast.net,Male,2/25/1928
976,Hymie,Bartholat,hbartholatr3@histats.com,Genderqueer,9/8/1839
977,Dov,MacGillacolm,dmacgillacolmr4@economist.com,Polygender,10/8/1658
978,Sharona,Rosso,srossor5@slideshare.net,Female,1/31/1844
979,Kaspar,Coventon,kcoventonr6@home.pl,Male,12/29/2014
980,Emylee,Lagden,elagdenr7@themeforest.net,Female,4/7/1673
981,Aila,McEniry,amceniryr8@nih.gov,Female,1/8/1923
982,Shepard,Laurens,slaurensr9@posterous.com,Male,2/26/1732
983,Davis,Dodman,ddodmanra@webnode.com,Male,1/11/1700
984,Salli,Cobon,scobonrb@webmd.com,Female,12/26/1857
985,Sullivan,Priddy,spriddyrc@a8.net,Male,2/7/1913
986,Crystie,Cornels,ccornelsrd@typepad.com,Female,9/11/1670
987,Prisca,Idiens,pidiensre@livejournal.com,Female,7/24/1907
988,Bab,Spino,bspinorf@unicef.org,Female,4/19/1713
989,Sadella,Sambrook,ssambrookrg@unesco.org,Female,7/29/1757
990,Shelby,Gidney,sgidneyrh@chron.com,Male,3/4/1687
991,Consolata,Whellams,cwhellamsri@eventbrite.com,Female,8/15/1794
992,Boonie,Coard,bcoardrj@liveinternet.ru,Male,2/4/1843
993,Jermaine,Rogan,jroganrk@state.tx.us,Female,7/29/1935
994,Joshuah,Maingot,jmaingotrl@hibu.com,Male,11/6/1838
995,Joseito,Arkell,jarkellrm@skype.com,Male,7/6/1755
996,Wesley,Klambt,wklambtrn@prweb.com,Male,1/27/1677
997,Willow,Gillespey,wgillespeyro@infoseek.co.jp,Female,12/25/2017
998,Yolanthe,Kersey,ykerseyrp@hubpages.com,Female,7/26/1845
999,Maggy,Boulding,mbouldingrq@ted.com,Female,11/16/1717
1000,Arly,Kieff,akieffrr@bloglines.com,Female,8/29/1655
